{
  "world_size": 2,
  "model_size": "xl",
  "batch_size": 4,
  "context_length": 512,
  "step_times_ms": [
    565.761719000875,
    565.7437409972772,
    565.3608610009542,
    565.7466690026922,
    565.9952390014951,
    566.2293149980542,
    565.8896919994731,
    565.5541960004484,
    565.8460129998275,
    565.7793389982544
  ],
  "comm_times_ms": [
    36.903805998008465,
    37.04827899855445,
    36.6387020003458,
    36.73390399853815,
    37.13863099983428,
    37.147824001294794,
    37.26463799830526,
    36.64701199886622,
    37.08699299750151,
    37.07153000141261
  ],
  "avg_step_ms": 565.7906783999351,
  "avg_comm_ms": 36.968131899266155,
  "comm_fraction": 0.06533888469815835
}