{
  "world_size": 2,
  "model_size": "xl",
  "batch_size": 4,
  "context_length": 512,
  "step_times_ms": [
    565.0766300022951,
    564.7281609999482,
    564.5881720010948,
    564.1473360010423,
    565.2046920004068,
    565.3971720021218,
    564.5285020000301,
    564.445018000697,
    564.7674899992126,
    564.7905080004421
  ],
  "comm_times_ms": [
    35.9068829966418,
    35.88063799907104,
    35.88381399822538,
    35.789264999039005,
    35.99244399811141,
    35.925796000810806,
    35.91922300256556,
    35.880740000720834,
    35.85515899976599,
    35.8469700004207
  ],
  "avg_step_ms": 564.7673681007291,
  "avg_comm_ms": 35.88809319953725,
  "comm_fraction": 0.06354491287311138
}